Timestamp,Open,High,Low,Close,Volume_sum,SMA,Rolling_STD,Bollinger_Upper_2,Bollinger_Lower_2,Bollinger_Upper_3,Bollinger_Lower_3,Bollinger_Upper_4,Bollinger_Lower_4,RSI,Stochastic
1692921600,26160.0,26171.7,26159.9,26169.8,1.0271135,,,,,,,,,,
1692921900,26169.9,26169.9,26134.4,26134.4,12.55708188,,,,,,,,,,
1692922200,26131.7,26134.7,26131.6,26131.9,3.4896628699999996,,,,,,,,,,
1692922500,26131.9,26131.9,26131.7,26131.8,1.96000048,,,,,,,,,,
1692922800,26131.8,26131.9,26131.6,26131.6,0.57623936,,,,,,,,,,
1692923100,26125.4,26125.4,26118.6,26118.7,0.37715264,,,,,,,,,,
1692923400,26118.7,26118.7,26118.6,26118.6,1.2608576,,,,,,,,,,
1692923700,26118.7,26118.7,26110.8,26111.0,2.29084166,,,,,,,,,,
1692924000,26110.1,26128.6,26110.0,26128.6,1.72744882,,,,,,,,,,
1692924300,26128.6,26130.0,26121.9,26130.0,5.819217,,,,,,,,,,
1692924600,26130.0,26130.0,26129.9,26130.0,0.90845308,,,,,,,,,,
1692924900,26130.0,26135.4,26130.0,26130.0,0.6381558,,,,,,,,,,
1692925200,26130.0,26130.0,26126.8,26126.9,0.83001707,,,,,,,,,,
1692925500,26126.9,26130.1,26126.8,26130.1,0.89998939,,,,,,,,,26.397146254457127,32.57698541328737
1692925800,26130.1,26130.1,26122.3,26122.3,3.57975223,,,,,,,,,24.156692056581605,20.534223706175247
1692926100,26122.3,26122.3,26100.8,26100.8,3.42196431,,,,,,,,,28.46153846153605,0.0
1692926400,26100.8,26100.8,26100.7,26100.7,0.83446102,,,,,,,,,29.365079365077506,0.0
1692926700,26100.8,26100.8,26100.7,26100.8,0.70184504,,,,,,,,,29.49735449735212,0.28818443803614613
1692927000,26100.8,26108.9,26100.7,26107.3,1.9322034399999999,,,,,,,,,35.16483516483389,19.020172910658232
1692927300,26107.3,26107.3,26107.2,26107.2,0.28494119,26123.125,16.150472536673167,26155.425945073348,26090.824054926652,26171.57641761002,26074.67358238998,26187.726890146692,26058.523109853308,41.6787264833564,18.731988472622085
1692927600,26107.3,26107.4,26107.2,26107.3,1.76068572,26120.0,12.209745891572299,26144.419491783145,26095.580508216855,26156.629237674715,26083.370762325285,26168.83898356629,26071.16101643371,41.823444283645955,19.020172910658232
1692927900,26107.3,26107.3,26107.2,26107.3,0.35819663,26118.644999999997,12.029983374881008,26142.70496674976,26094.585033250234,26154.73495012464,26082.555049875355,26166.764933499522,26070.52506650047,46.991869918698065,19.020172910658232
1692928200,26107.3,26107.3,26107.2,26107.2,0.42568954999999997,26117.41,11.864316246623845,26141.138632493246,26093.681367506753,26153.00294873987,26081.81705126013,26164.867264986497,26069.952735013503,25.681818181814634,18.731988472622085
1692928500,26107.3,26119.4,26107.3,26119.4,1.16841531,26116.79,11.387153426462419,26139.564306852924,26094.015693147077,26150.95146027939,26082.628539720612,26162.33861370585,26071.24138629415,40.328467153283945,53.890489913545636
1692928800,26119.4,26149.2,26119.4,26149.2,3.70604137,26117.670000000002,13.137455493436097,26143.944910986873,26091.39508901313,26157.08236648031,26078.257633519694,26170.219821973747,26065.120178026256,61.347517730498545,100.0
1692929100,26149.2,26149.2,26149.1,26149.2,0.84756876,26119.195,14.913486478596568,26149.021972957195,26089.368027042805,26163.93545943579,26074.45454056421,26178.848945914386,26059.541054085614,61.347517730498545,100.0
1692929400,26149.2,26149.3,26149.1,26149.3,7.09077804,26120.730000000003,16.35890550964814,26153.4478110193,26088.012188980705,26169.806716528947,26071.65328347106,26186.165622038596,26055.29437796141,63.72549019607917,100.0
1692929700,26149.3,26149.3,26149.2,26149.3,0.36085887,26122.645,17.370406624938255,26157.385813249875,26087.904186750126,26174.756219874816,26070.533780125184,26192.126626499754,26053.163373500247,62.244897959185614,100.0
1692930000,26149.3,26149.4,26149.2,26149.4,1.38146868,26123.684999999998,18.341247016088683,26160.367494032176,26087.00250596782,26178.708741048264,26068.66125895173,26197.04998806435,26050.320011935644,69.16548797737248,100.0
1692930300,26149.4,26165.8,26149.4,26165.8,0.91036269,26125.475,20.598080518644267,26166.671161037288,26084.27883896271,26187.269241555932,26063.680758444065,26207.867322074577,26043.08267792542,99.54268292683587,100.0
1692930600,26165.8,26165.8,26165.7,26165.8,0.37030984,26127.265,22.481437372101187,26172.227874744203,26082.302125255796,26194.7093121163,26059.820687883697,26217.190749488404,26037.339250511595,99.69465648855403,100.0
1692930900,26165.8,26165.8,26160.5,26160.5,0.22964623,26128.79,23.67928030556249,26176.148560611127,26081.431439388874,26199.82784091669,26057.752159083313,26223.50712122225,26034.07287877775,92.22065063649664,91.85867895545408
1692931200,26160.5,26160.5,26149.3,26149.4,0.79958665,26129.915,24.115233774523826,26178.14546754905,26081.684532450952,26202.260701323572,26057.56929867643,26226.375935098094,26033.454064901907,77.95484727756086,72.01365187713613
1692931500,26149.4,26149.4,26135.8,26137.3,4.01846444,26130.275,24.171816450698355,26178.618632901398,26081.931367098605,26202.7904493521,26057.759550647905,26226.962265802795,26033.58773419721,67.23940435280645,51.36518771330937
1692931800,26137.3,26137.3,26125.4,26125.4,0.65791606,26130.43,24.127885156084403,26178.685770312168,26082.174229687833,26202.813655468253,26058.046344531747,26226.94154062434,26033.91845937566,59.13218970736787,31.05802047781771
1692932100,26123.2,26125.5,26112.9,26125.5,2.63937281,26131.665,23.143494595786624,26177.951989191573,26085.37801080843,26201.09548378736,26062.23451621264,26224.238978383146,26039.091021616856,59.173387096775166,31.228668941979056
1692932400,26125.5,26125.5,26123.8,26123.9,0.57785551,26132.825,22.06611775169184,26176.957235503385,26088.692764496616,26199.023353255077,26066.626646744924,26221.08947100677,26044.560528993232,58.29195630585989,28.376068376072105
1692932700,26123.9,26130.3,26118.0,26118.0,2.30736513,26133.685,21.064744179988892,26175.814488359978,26091.555511640025,26196.879232539966,26070.490767460036,26217.94397671996,26049.426023280044,49.258474576270366,9.640831758031673
1692933000,26120.1,26120.1,26112.3,26112.4,4.3492666700000004,26133.94,20.75715222329412,26175.454304446586,26092.42569555341,26196.21145666988,26071.668543330117,26216.968608893174,26050.911391106823,23.78917378917187,0.18691588785454727
1692933300,26112.4,26112.4,26112.3,26112.4,0.20091574,26134.2,20.434645503214735,26175.06929100643,26093.33070899357,26195.503936509645,26072.896063490356,26215.93858201286,26052.461417987142,23.78917378917187,0.18691588785454727
1692933600,26112.4,26112.4,26101.9,26102.0,0.51547133,26133.935,20.832345169545953,26175.59969033909,26092.27030966091,26196.43203550864,26071.437964491364,26217.264380678185,26050.605619321817,20.621118012421476,0.15649452268943384
1692933900,26101.7,26101.7,26030.8,26062.2,6.13190738,26131.68,25.731950240077715,26183.143900480154,26080.216099519846,26208.875850720233,26054.484149279768,26234.60780096031,26028.75219903969,13.798836242725812,23.259259259260336
1692934200,26062.1,26075.2,26062.1,26075.2,1.6930185,26130.08,28.20978926766841,26186.49957853534,26073.660421464665,26214.709367803007,26045.450632196997,26242.919157070675,26017.24084292933,22.147147147145503,32.888888888889966
1692934500,26075.2,26075.2,26075.1,26075.2,2.53374358,26127.870000000003,30.710980378187624,26189.291960756378,26066.448039243627,26220.002941134564,26035.73705886544,26250.713921512754,26005.02607848725,11.215753424656711,32.888888888889966
1692934800,26075.2,26081.3,26075.1,26081.3,6.46149677,26124.475,31.956712086326956,26188.388424172652,26060.561575827345,26220.34513625898,26028.604863741017,26252.301848345305,25996.648151654692,15.622457282341742,37.407407407407405
1692935100,26081.3,26081.3,26081.3,26081.3,0.13764578,26121.08,32.78769987598827,26186.655399751977,26055.504600248027,26219.443099627966,26022.716900372037,26252.230799503955,25989.929200496048,16.326530612243133,38.93600616807997
1692935400,26081.3,26081.3,26081.2,26081.3,0.31017679,26117.68,33.230068818529595,26184.14013763706,26051.21986236294,26217.370206455587,26017.989793544413,26250.60027527412,25984.759724725882,18.028169014082394,42.580101180437666
1692935700,26081.3,26081.3,26081.2,26081.3,0.40324336,26114.28,33.303225701203,26180.886451402406,26047.67354859759,26214.189677103608,26014.37032289639,26247.49290280481,25981.067097195188,20.33898305084564,47.417840375586856
1692936000,26081.3,26081.3,26081.2,26081.3,0.15689124,26110.875,33.0034906447307,26176.88198128946,26044.86801871054,26209.88547193419,26011.86452806581,26242.888962578923,25978.861037421077,23.272727272724765,50.753768844221106
1692936300,26081.3,26091.4,26081.3,26091.4,1.282122,26107.155,30.591647896976557,26168.33829579395,26045.971704206047,26198.929943690928,26015.38005630907,26229.521591587905,25984.788408412092,31.56756756756836,60.90452261306753
1692936600,26091.5,26091.6,26089.0,26089.1,1.61572826,26103.32,27.504767050935822,26158.32953410187,26048.31046589813,26185.83430115281,26020.80569884719,26213.339068203742,25993.300931796257,31.3304721030036,58.592964824119875
1692936900,26089.1,26089.1,26054.7,26054.7,0.8432775100000001,26098.03,26.06510270356221,26150.160205407123,26045.899794592875,26176.225308110686,26019.83469188931,26202.290410814247,25993.76958918575,23.99342645850497,26.763717805153025
1692937200,26056.5,26059.9,26049.6,26059.9,0.8525378,26093.555,24.41193571315026,26142.3788714263,26044.7311285737,26166.790807139452,26020.31919286055,26191.2027428526,25995.9072571474,28.35943940643085,35.661764705884075
1692937500,26059.9,26059.9,26057.1,26057.1,0.38015212,26089.545,23.414625995862533,26136.374251991725,26042.71574800827,26159.788877987587,26019.30112201241,26183.203503983448,25995.88649601655,27.719580983078046,32.230392156860994
1692937800,26057.2,26057.2,26026.9,26026.9,11.22708656,26084.620000000003,25.721537156320643,26136.063074312642,26033.176925687363,26161.784611468964,26007.45538853104,26187.506148625285,25981.73385137472,23.90548992355879,0.0
1692938100,26030.7,26048.4,26028.0,26028.0,3.19975934,26079.745000000003,26.783429185732327,26133.311858371468,26026.178141628538,26160.0952875572,25999.394712442805,26186.878716742933,25972.611283257073,33.74524714828874,1.700154559503237
1692938400,26028.0,26052.8,26027.9,26049.2,1.01679628,26076.010000000002,25.478595763993937,26126.96719152799,26025.052808472014,26152.445787291985,25999.57421270802,26177.92438305598,25974.095616944025,38.53615520282202,34.46676970633737
1692938700,26049.2,26050.9,26048.9,26050.5,0.56519536,26072.635000000002,24.054549301639426,26120.74409860328,26024.525901396722,26144.79864790492,26000.471352095083,26168.85319720656,25976.416802793443,39.232781168264786,36.47604327666091
1692939000,26050.5,26050.5,26030.1,26030.7,0.97893137,26068.55,23.88277291490636,26116.315545829813,26020.784454170185,26140.19831874472,25996.90168125528,26164.081091659624,25973.018908340375,30.295950155764032,5.873261205563282
1692939300,26030.2,26030.2,26030.1,26030.2,1.88784247,26064.44,22.995889792920156,26110.43177958584,26018.448220414157,26133.427669378758,25995.45233062124,26156.42355917168,25972.45644082832,30.178432893716845,5.100463678515334
1692939600,26030.2,26030.2,26013.6,26013.6,0.66363189,26060.02,23.875369382641722,26107.770738765284,26012.269261234716,26131.646108147925,25988.393891852076,26155.52147753057,25964.518522469432,26.735395189003768,0.0
1692939900,26013.6,26013.6,26007.0,26012.2,0.9571076599999999,26057.52,26.144972345501568,26109.809944691002,26005.230055309,26135.954917036506,25979.085082963495,26162.099889382007,25952.940110617994,26.480599046971463,6.146572104019878
1692940200,26012.2,26012.2,26012.1,26012.2,0.90815534,26054.37,27.65435342143319,26109.678706842864,25999.061293157134,26137.3330602643,25971.406939735698,26164.987413685732,25943.752586314265,26.480599046971463,6.146572104019878
1692940500,26012.2,26019.3,26012.1,26019.3,1.22755016,26051.575,28.256603792642082,26108.088207585286,25995.061792414715,26136.344811377927,25966.805188622075,26164.601415170568,25938.548584829434,24.947880472549244,14.539007092197972
1692940800,26019.3,26030.4,26019.2,26030.4,1.45530911,26049.03,27.725669276713653,26104.481338553425,25993.578661446572,26132.20700783014,25965.852992169857,26159.93267710685,25938.127322893146,30.779305828422324,28.501827040197163
1692941100,26030.4,26030.4,26030.1,26030.4,4.40871753,26046.485,26.932396359844866,26100.34979271969,25992.62020728031,26127.282189079535,25965.687810920466,26154.21458543938,25938.755414560623,39.72950126796305,44.234404536863536
1692941400,26030.4,26032.7,26030.4,26032.7,1.01727916,26044.055,25.794297105318794,26095.643594210636,25992.466405789364,26121.437891315956,25966.672108684044,26147.232188421276,25940.877811578725,38.21490467937554,48.58223062381856
1692941700,26032.7,26032.7,26032.6,26032.7,0.67059492,26041.625,24.349664971207932,26090.324329942418,25992.925670057582,26114.673994913624,25968.576005086376,26139.02365988483,25944.22634011517,39.16518650088858,51.19521912350669
1692942000,26032.7,26032.7,26032.6,26032.7,0.57261918,26039.195,22.53963701663433,26084.27427403327,25994.11572596673,26106.813911049903,25971.576088950096,26129.353548066538,25949.03645193346,53.51941747572781,56.11353711790641
1692942300,26032.7,26032.7,26032.6,26032.7,0.20017415,26036.260000000002,18.914221883894218,26074.08844376779,25998.431556232215,26093.002665651686,25979.51733434832,26111.91688753558,25960.603112464425,52.89052890528953,56.11353711790641
1692942600,26032.7,26053.3,26032.6,26053.2,1.6020876400000001,26034.465000000004,14.916725864807505,26064.298451729617,26004.63154827039,26079.215177594426,25989.71482240558,26094.131903459234,25974.798096540773,52.481389578163814,99.78401727862085
1692942900,26053.2,26053.3,26053.2,26053.2,0.4756915,26034.390000000003,14.813041906570495,26064.016083813145,26004.76391618686,26078.829125719716,25989.95087428029,26093.642167626283,25975.137832373723,51.70239596469152,99.78401727862085
1692943200,26053.3,26053.3,26053.2,26053.2,0.98611081,26034.055,14.271630858732125,26062.598261717463,26005.511738282537,26076.869892576196,25991.240107423804,26091.14152343493,25976.96847656507,68.90756302521008,99.78401727862085
1692943500,26053.2,26053.3,26046.2,26046.3,1.1451082799999999,26033.515000000003,13.539310213305855,26060.593620426615,26006.43637957339,26074.13293063992,25992.897069360086,26087.672240853226,25979.35775914678,62.21547799696372,84.8812095032395
1692943800,26046.2,26046.3,26046.2,26046.2,0.42258211999999995,26034.48,13.729476549209377,26061.93895309842,26007.02104690158,26075.668429647627,25993.291570352372,26089.39790619684,25979.56209380316,82.99595141700772,84.66522678186035
1692944100,26046.3,26046.3,26046.2,26046.2,0.42966759000000004,26035.39,13.879704986987973,26063.149409973976,26007.630590026023,26077.029114960962,25993.750885039037,26090.908819947952,25979.871180052047,85.41666666666667,82.76699029126597
1692944400,26046.2,26046.3,26032.6,26032.6,1.66924997,26034.56,13.501594447733886,26061.56318889547,26007.556811104532,26075.0647833432,25994.0552166568,26088.566377790936,25980.553622209067,66.5584415584392,49.75728155339718
1692944700,26032.6,26032.7,26032.6,26032.6,3.68402226,26033.665,12.97224871953972,26059.60949743908,26007.720502560922,26072.58174615862,25994.748253841382,26085.55399487816,25981.776005121843,62.20183486238383,39.29618768327973
1692945000,26032.7,26032.7,26032.6,26032.7,0.24306389,26033.765,12.955887708500908,26059.676775417,26007.853224583,26072.632663125503,25994.897336874496,26085.588550834003,25981.941449165995,52.643678160918476,11.206896551733195
1692945300,26032.7,26032.7,26006.0,26006.1,6.13269929,26032.56,14.350587737808736,26061.261175475618,26003.858824524385,26075.611763213426,25989.508236786576,26089.962350951235,25975.157649048768,32.66761768901506,0.21141649048318467
1692945600,26006.1,26006.1,26006.0,26006.1,12.91565602,26032.185,14.957282155297396,26062.099564310596,26002.270435689406,26077.056846465894,25987.31315353411,26092.01412862119,25972.35587137881,30.383480825958983,0.21141649048318467
1692945900,26006.1,26006.1,25993.7,25993.7,2.9821599,26031.26,16.725757004330458,26064.71151400866,25997.808485991336,26081.43727101299,25981.082728987007,26098.16302801732,25964.356971982677,25.68578553616092,0.0
1692946200,25993.8,25993.8,25993.7,25993.8,0.53944212,26030.340000000004,18.264587536931444,26066.869175073865,25993.810824926142,26085.1337626108,25975.546237389208,26103.39835014773,25957.281649852277,25.77833125778328,0.16778523489689134
1692946500,25993.8,26000.8,25993.7,26000.8,5.6900044,26029.415,19.292656770456894,26068.000313540913,25990.82968645909,26087.292970311373,25971.53702968863,26106.58562708183,25952.244372918172,31.729667812141813,11.9127516778502
1692946800,26000.8,26006.2,26000.7,26006.1,1.30933774,26028.2,19.980279751466778,26068.160559502936,25988.239440497066,26088.1408392544,25968.2591607456,26108.121119005868,25948.278880994134,17.33703190013817,20.80536912751362
1692947100,26006.1,26048.6,26006.1,26048.5,8.35935654,26029.105,20.488622645122728,26070.082245290247,25988.127754709752,26090.570867935367,25967.639132064633,26111.05949058049,25947.15050941951,47.947598253274855,91.94630872483323
1692947400,26048.5,26048.6,26033.7,26033.7,2.40127776,26029.155,20.49907507539953,26070.153150150796,25988.1568498492,26090.652225226197,25967.6577747738,26111.151300301597,25947.1586996984,42.459396751740314,67.11409395973318
1692947700,26033.8,26033.8,26031.3,26033.8,7.99345661,26029.21,20.510559539687733,26070.231119079373,25988.188880920625,26090.741678619062,25967.678321380936,26111.25223815875,25947.167761841247,44.89795918367347,73.04189435337001
1692948000,26033.8,26033.8,26033.7,26033.8,0.29172671,26029.265,20.52188241595375,26070.308764831905,25988.221235168094,26090.83064724786,25967.699352752137,26111.352529663814,25947.177470336184,44.934640522875284,73.04189435337001
1692948300,26033.8,26033.8,26033.7,26033.8,1.04784204,26029.32,20.53304397151907,26070.38608794304,25988.25391205696,26090.919131914558,25967.720868085442,26111.452175886076,25947.187824113924,44.934640522875284,73.04189435337001
1692948600,26033.8,26033.8,26024.2,26024.4,32.65633327,26027.879999999997,19.765722589199584,26067.411445178397,25988.348554821598,26087.177167767597,25968.582832232398,26106.942890356797,25948.817109643198,46.53130287648169,55.91985428051357
1692948900,26024.3,26024.3,26018.7,26022.5,53.28654566,26026.344999999998,18.867557089507955,26064.080114179014,25988.60988582098,26082.94767126852,25969.742328731474,26101.815228358028,25950.874771641968,45.795170691091315,52.45901639344338
1692949200,26018.7,26018.7,25988.2,25989.2,67.41714669,26023.145,19.49017228730995,26062.12534457462,25984.164655425382,26081.61551686193,25964.67448313807,26101.10568914924,25945.18431085076,35.81213307240664,1.6556291390729074
1692949500,25989.1,25989.1,25979.3,25980.9,37.54868843,26019.875,20.84036758438312,26061.555735168768,25978.194264831232,26082.396102753148,25957.353897246852,26103.23647033753,25936.51352966247,40.66666666666724,2.3088023088054825
1692949800,25980.9,25987.8,25974.0,25984.7,12.68604491,26016.8,21.284118121503624,26059.368236243008,25974.23176375699,26080.65235436451,25952.94764563549,26101.936472486013,25931.663527513985,42.2910662824211,14.34316353887525
1692950100,25984.7,25984.7,25967.8,25968.6,11.16973629,26012.920000000002,22.67046768954665,26058.260935379094,25967.57906462091,26080.93140306864,25944.908596931364,26103.60187075819,25922.238129241814,41.19298245613936,0.9900990099000985
1692950400,25968.7,26002.1,25968.6,26002.1,2.89332119,26011.394999999997,22.299763392647268,26055.994526785293,25966.7954732147,26078.29429017794,25944.495709822055,26100.594053570585,25922.19594642941,52.35929505400778,42.45049504950443
1692950700,26002.1,26002.1,26002.0,26002.1,0.28272364,26009.870000000003,21.810839893083884,26053.49167978617,25966.248320213836,26075.302519679255,25944.43748032075,26097.113359572337,25922.62664042767,50.384843102427254,42.45049504950443
1692951000,26002.1,26015.5,26002.0,26015.5,4.41748272,26009.01,21.193641052265207,26051.397282104528,25966.62271789547,26072.590923156793,25945.429076843204,26093.784564209058,25924.23543579094,52.655367231638834,59.034653465347965
1692951300,26015.5,26033.9,26015.5,26033.9,2.45741091,26010.4,21.892849108896318,26054.185698217792,25966.61430178221,26076.07854732669,25944.72145267331,26097.971396435587,25922.828603564416,45.22875816993511,81.80693069307274
1692951600,26033.9,26046.9,26033.8,26046.9,1.09335329,26012.44,23.32512537337926,26059.090250746758,25965.78974925324,26082.415376120138,25942.46462387986,26105.740501493518,25919.13949850648,54.36507936507958,100.0
1692951900,26046.8,26100.6,26046.8,26100.3,13.12736119,26017.77,30.03259807888915,26077.83519615778,25957.70480384222,26107.867794236667,25927.672205763334,26137.900392315558,25897.639607684443,66.25916870415648,99.7740963855427
1692952200,26100.3,26100.3,26100.2,26100.3,0.96410976,26023.094999999998,34.64611279174983,26092.387225583498,25953.802774416497,26127.033338375248,25919.156661624747,26161.679451166998,25884.510548832997,66.25916870415648,99.7740963855427
1692952500,26100.2,26100.2,26084.4,26084.4,0.67094853,26027.275,36.791373059165444,26100.857746118334,25953.69225388167,26137.6491191775,25916.900880822504,26174.440492236663,25880.10950776334,61.47912885662493,87.80120481927923
1692952800,26084.5,26086.9,26082.9,26082.9,1.73825747,26031.114999999998,38.43610247780033,26107.9872049556,25954.242795044396,26146.4233074334,25915.806692566595,26184.859409911198,25877.370590088798,63.76470588235294,86.67168674699008
1692953100,26083.0,26083.1,26073.7,26073.7,0.33387406000000003,26032.375,39.43604916423528,26111.24709832847,25953.50290167153,26150.683147492706,25914.066852507294,26190.119196656942,25874.630803343058,61.646951774340515,79.74397590361599
1692953400,26073.8,26073.8,26073.7,26073.7,0.20507195,26034.375,40.506554050578316,26115.388108101157,25953.361891898843,26155.894662151735,25912.855337848265,26196.401216202314,25872.348783797686,72.65415549597856,79.74397590361599
1692953700,26071.5,26071.6,26066.9,26070.0,2.43466098,26036.185,41.28088986953712,26118.746779739075,25953.623220260928,26160.02766960861,25912.34233039139,26201.30855947815,25871.06144052185,74.49147883452386,76.95783132530217
1692954000,26070.0,26082.9,26069.9,26082.8,1.1127761,26038.635000000002,42.56595223266462,26123.76690446533,25953.503095534674,26166.332856697994,25910.93714330201,26208.898808930662,25868.371191069342,75.69408067050753,86.59638554216914
1692954300,26082.9,26082.9,26082.8,26082.9,0.28913377,26041.090000000004,43.673922123894855,26128.437844247794,25953.742155752214,26172.111766371687,25910.06823362832,26215.785688495584,25866.394311504424,82.675814751287,86.5909090909113
1692954600,26082.9,26083.3,26082.8,26082.8,1.38361053,26044.010000000002,44.444796036619174,26132.89959207324,25955.120407926763,26177.34438810986,25910.675611890143,26221.789184146477,25866.230815853527,78.51590106007019,81.94726166328647
1692954900,26082.8,26083.2,26080.0,26083.2,3.83821292,26047.045000000002,44.96806439896346,26136.98112879793,25957.108871202076,26181.94919319689,25912.140806803112,26226.917257595855,25867.17274240415,78.57646229739228,82.35294117647254
1692955200,26083.2,26083.2,26083.1,26083.2,0.8172253899999999,26051.745000000003,43.49213449760505,26138.729268995212,25964.760731004793,26182.22140349282,25921.268596507187,26225.71353799042,25877.776462009584,76.34241245136141,79.55346650999047
1692955500,26083.2,26083.2,26083.1,26083.2,0.60835611,26056.859999999997,40.644082886492804,26138.148165772982,25975.571834227012,26178.792248659476,25934.927751340518,26219.436331545967,25894.283668454027,72.38873751135255,73.95209580838622
1692955800,26083.2,26096.2,26083.1,26096.1,1.3244111299999999,26062.43,37.76597048025731,26137.961940960515,25986.898059039486,26175.727911440772,25949.13208855923,26213.49388192103,25911.36611807897,72.36363636363504,91.63568773234189
1692956100,26096.2,26096.2,26096.1,26096.1,0.24841512,26068.805,31.301496096745606,26131.40799219349,26006.20200780651,26162.70948829024,25974.900511709762,26194.010984386983,25943.599015613017,46.28975265017618,87.42514970059581
1692956400,26096.1,26096.2,26096.1,26096.2,0.48928699999999997,26073.510000000002,27.600608307557437,26128.711216615116,26018.308783384888,26156.311824922675,25990.70817507733,26183.91243323023,25963.107566769773,46.384479717814614,87.98798798798772
1692956700,26096.2,26096.2,26096.1,26096.2,0.26591977,26078.215,22.297964858747605,26122.810929717496,26033.619070282504,26145.108894576242,26011.321105423758,26167.406859434992,25989.02314056501,64.46078431372227,100.0
1692957000,26096.2,26096.2,26096.1,26096.2,0.16691653,26082.250000000004,17.031626927258387,26116.31325385452,26048.186746145486,26133.34488078178,26031.155119218227,26150.376507709036,26014.12349229097,66.92111959287158,100.0
1692957300,26096.2,26096.2,26081.6,26081.6,3.4105051900000003,26084.635000000002,12.691450707168203,26110.01790141434,26059.252098585664,26122.709352121507,26046.560647878498,26135.400802828673,26033.86919717133,58.836689038027295,50.170648464155136
1692957600,26081.7,26081.7,26081.6,26081.7,0.34675939,26086.375,9.132122310536445,26104.639244621074,26068.110755378926,26113.77136693161,26058.97863306839,26122.903489242144,26049.846510757856,58.9285714285694,50.51194539249024
1692957900,26081.7,26081.7,26081.6,26081.6,1.64737916,26085.44,8.571458145304476,26102.58291629061,26068.29708370939,26111.15437443591,26059.725625564086,26119.725832581218,26051.15416741878,64.07766990290688,44.48669201519929
1692958200,26081.7,26081.7,26081.6,26081.7,0.42620466,26084.510000000002,7.853252762214978,26100.216505524433,26068.80349447557,26108.06975828665,26060.950241713355,26115.92301104886,26053.096988951143,48.07017543860003,10.493827160497847
1692958500,26081.7,26091.3,26081.7,26091.2,1.80809473,26084.85,7.9941755112788515,26100.838351022558,26068.86164897744,26108.832526533835,26060.86747346616,26116.826702045113,26052.873297954884,60.9498680738741,69.13580246913719
1692958800,26091.2,26091.2,26091.1,26091.2,0.60310154,26085.265000000003,8.102324227936366,26101.469648455877,26069.06035154413,26109.57197268381,26060.958027316196,26117.674296911748,26052.85570308826,61.11111111111005,69.13580246913719
1692959100,26091.2,26091.2,26091.1,26091.2,0.47496184,26086.14,7.723743297533068,26101.587486595065,26070.692513404934,26109.3112298926,26062.9687701074,26117.034973190133,26055.245026809866,60.6951871657729,65.75342465753937
1692959400,26091.2,26091.2,26091.1,26091.2,0.36580619999999997,26087.015,7.214771032576515,26101.444542065154,26072.585457934845,26108.65931309773,26065.370686902268,26115.874084130304,26058.155915869695,60.6951871657729,65.75342465753937
1692959700,26091.2,26095.4,26091.2,26095.4,1.38623857,26088.285,6.230424079499409,26100.745848159,26075.824151841,26106.9762722385,26069.5937277615,26113.206696317997,26063.363303682003,64.66346153845907,94.52054794521129
1692960000,26095.4,26095.4,26095.3,26095.4,0.88366711,26088.915,6.283418027248275,26101.481836054496,26076.348163945506,26107.765254081747,26070.064745918255,26114.048672108995,26063.781327891007,48.78048780488361,94.52054794521129
1692960300,26095.4,26096.2,26095.3,26096.1,1.16386038,26089.575,6.311549563667103,26102.198099127334,26076.951900872667,26108.509648691,26070.640351309,26114.82119825467,26064.32880174533,50.0,99.31506849313584
1692960600,26096.2,26096.2,26096.1,26096.2,0.73292763,26090.245000000003,6.265567979453726,26102.77613595891,26077.713864041096,26109.041703938365,26071.44829606164,26115.307271917816,26065.18272808219,50.0,100.0
1692960900,26096.1,26096.2,26096.1,26096.2,0.56369874,26090.895,6.169831098933728,26103.23466219787,26078.555337802132,26109.404493296803,26072.3855067032,26115.574324395737,26066.215675604264,50.0,100.0
1692961200,26096.2,26103.8,26096.1,26103.7,22.92839957,26091.92,6.517232218463652,26104.954464436927,26078.88553556307,26111.47169665539,26072.368303344607,26117.988928873852,26065.851071126144,60.16260162601385,99.54954954955612
1692961500,26103.8,26103.8,26103.7,26103.8,0.41358807999999997,26092.95,6.692061282627748,26106.334122565255,26079.565877434747,26113.026183847884,26072.873816152118,26119.718245130513,26066.18175486949,99.55357142856178,100.0
1692961800,26103.8,26103.8,26096.4,26096.5,1.96922864,26092.97,6.702560390581603,26106.375120781166,26079.564879218837,26113.077681171744,26072.862318828258,26119.780241562326,26066.159758437676,74.99999999999693,67.11711711712147
1692962100,26096.5,26096.5,26096.3,26096.4,0.28186895,26092.985,6.71026511358962,26106.40553022718,26079.56446977282,26113.11579534077,26072.85420465923,26119.826060454358,26066.143939545644,75.00000000000614,66.66666666667759
1692962400,26096.4,26096.4,26096.1,26096.2,0.74036585,26092.985,6.71026511358962,26106.40553022718,26079.56446977282,26113.11579534077,26072.85420465923,26119.826060454358,26066.143939545644,74.41077441077681,65.6108597285111
1692962700,26096.2,26097.0,26096.1,26096.9,1.70896009,26093.02,6.729714156745511,26106.47942831349,26079.56057168651,26113.209142470238,26072.830857529763,26119.93885662698,26066.10114337302,63.6363636363668,45.66929133860298
1692963000,26097.0,26097.0,26093.0,26096.9,13.139748899999999,26093.055,6.748916092305162,26106.55283218461,26079.55716781539,26113.301748276917,26072.808251723083,26120.05066436922,26066.05933563078,63.6363636363668,45.66929133860298
1692963300,26097.0,26097.0,26096.9,26097.0,1.10472636,26093.825,6.2319106641741175,26106.288821328348,26081.361178671654,26112.520731992525,26075.129268007477,26118.7526426567,26068.897357343303,63.809523809524464,46.456692913394626
1692963600,26097.0,26097.0,26091.1,26091.1,2.23385561,26094.295000000002,5.590826603034879,26105.47665320607,26083.113346793933,26111.067479809106,26077.522520190898,26116.65830641214,26071.931693587863,49.81412639404797,0.0
1692963900,26091.1,26091.2,26085.1,26085.1,2.22412845,26094.47,5.214665554189061,26104.89933110838,26084.040668891623,26110.113996662567,26078.826003337435,26115.328662216758,26073.611337783244,32.05574912891298,0.0
1692964200,26085.2,26085.2,26085.1,26085.1,0.94895275,26094.64,4.816681539460315,26104.27336307892,26085.00663692108,26109.09004461838,26080.18995538162,26113.906726157842,26075.373273842157,32.05574912891298,0.0
1692964500,26085.2,26085.2,26085.1,26085.2,1.6959506,26094.34,5.212777822957961,26104.765555645918,26083.914444354083,26109.978333468873,26078.701666531128,26115.19111129183,26073.48888870817,30.60498220641108,0.5347593583004219
1692964800,26085.2,26093.9,26085.1,26093.8,4.17847595,26094.469999999998,5.162526921040801,26104.795053842077,26084.144946157918,26109.95758076312,26078.982419236876,26115.12010768416,26073.819892315834,46.72131147540772,46.524064171125076
1692965100,26093.9,26103.8,26093.8,26103.7,1.69563311,26095.095,5.491953444042246,26106.078906888084,26084.11109311192,26111.57086033213,26078.619139667873,26117.06281377617,26073.12718622383,58.06451612903226,99.46524064171903
1692965400,26103.8,26103.8,26103.7,26103.8,0.50199561,26095.725,5.738776231177926,26107.202552462353,26084.247447537644,26112.94132869353,26078.508671306467,26118.68010492471,26072.769895075286,50.12787723784981,100.0
1692965700,26103.8,26114.6,26103.7,26112.7,2.50377041,26096.59,6.877951041282827,26110.345902082565,26082.834097917435,26117.223853123847,26075.956146876153,26124.101804165133,26069.078195834867,59.29018789144174,93.5593220339057
1692966000,26112.7,26120.3,26112.6,26120.2,2.59987008,26097.83,8.657464075034362,26115.14492815007,26080.51507184993,26123.802392225105,26071.8576077749,26132.45985630014,26063.200143699865,74.63617463617427,99.71590909091323
1692966300,26120.3,26120.9,26113.0,26113.1,3.20298697,26098.68,9.290096594591207,26117.260193189184,26080.099806810817,26126.550289783772,26070.80971021623,26135.840386378364,26061.519613621636,65.15426497277252,78.21229050278694
1692966600,26113.1,26113.1,26112.6,26112.7,1.0420729,26099.504999999997,9.778089093263366,26119.061178186523,26079.948821813472,26128.83926727979,26070.170732720206,26138.61735637305,26060.392643626943,64.91862567811856,77.09497206703894
1692966900,26112.7,26112.7,26112.6,26112.7,0.2555654,26100.33,10.172672370518605,26120.675344741037,26079.984655258966,26130.84801711156,26069.811982888445,26141.020689482077,26059.639310517927,64.46886446886322,77.09497206703894
1692967200,26112.7,26112.7,26112.6,26112.7,2.15328081,26100.780000000002,10.522637251985142,26121.82527450397,26079.734725496033,26132.34791175596,26069.212088244047,26142.870549007945,26058.68945099206,64.46886446886322,77.09497206703894
1692967500,26112.7,26112.7,26112.6,26112.7,0.83337935,26101.225000000002,10.840463915108344,26122.90592783022,26079.544072169785,26133.746391745328,26068.703608254677,26144.586855660436,26057.863144339568,64.40366972477034,77.09497206703894
1692967800,26112.7,26112.7,26112.6,26112.7,3.66271423,26102.034999999996,11.071598325161803,26124.17819665032,26079.891803349674,26135.249794975483,26068.82020502451,26146.321393300645,26057.748606699348,72.22222222222346,77.09497206703894
1692968100,26112.7,26112.7,26112.6,26112.6,0.69873684,26102.845,11.229119804285757,26125.303239608573,26080.38676039143,26136.532359412857,26069.157640587146,26147.761479217144,26057.928520782858,82.20140515222153,76.81564245809432
1692968400,26112.7,26147.3,26112.6,26137.4,3.47342329,26104.905,13.496177821500952,26131.897355643,26077.912644357,26145.393533464503,26064.416466535495,26158.889711286003,26050.920288713995,88.74074074073872,84.08360128617733
1692968700,26137.4,26152.8,26133.3,26133.3,2.69320823,26106.725,14.75544056664934,26136.235881133296,26077.2141188667,26150.991321699945,26062.458678300052,26165.746762266597,26047.7032377334,83.63636363635919,71.19645494830164
1692969000,26133.4,26165.8,26125.6,26165.8,11.05870186,26110.170000000002,19.591488484870926,26149.352976969745,26070.98702303026,26168.944465454613,26051.39553454539,26188.535953939485,26031.80404606052,87.73584905660032,100.0
1692969300,26165.8,26165.8,26165.7,26165.8,3.45741359,26113.61,22.915494643081416,26159.440989286162,26067.77901071384,26182.356483929245,26044.863516070756,26205.271978572327,26021.948021427674,86.31578947368027,100.0
1692969600,26165.8,26165.8,26134.5,26156.0,1.56212874,26116.855,24.1234647725379,26165.101929545075,26068.608070454924,26189.225394317615,26044.484605682384,26213.34885909015,26020.36114090985,77.4159663865527,84.21900161030676
1692969900,26156.0,26168.1,26143.5,26168.1,3.52164135,26121.004999999997,25.4745585158859,26171.954117031768,26070.055882968227,26197.428675547657,26044.581324452338,26222.903234063542,26019.106765936453,78.15040650406247,100.0
1692970200,26165.2,26205.7,26165.2,26205.5,11.47268377,26127.025,30.310270536575782,26187.645541073154,26066.40445892685,26217.95581160973,26036.094188390274,26248.266082146303,26005.7839178537,83.2424006235366,99.78517722878547
1692970500,26209.6,26209.9,26159.9,26159.9,1.8218713,26130.760000000002,29.476099149193765,26189.712198298388,26071.807801701616,26219.188297447585,26042.33170255242,26248.664396596778,26012.855603403226,64.0287769784179,48.61253854059763
1692970800,26159.9,26188.4,26159.8,26161.7,23.853227739999998,26134.155000000002,28.89972636913775,26191.95445273828,26076.355547261726,26220.854179107417,26047.45582089259,26249.753905476555,26018.55609452345,64.56599286563576,50.46248715313537
1692971100,26161.7,26161.7,26123.1,26123.1,8.14947866,26135.125,28.139294028485786,26191.40358805697,26078.84641194303,26219.542882085458,26050.707117914542,26247.682176113944,26022.567823886056,52.5145067698253,10.791366906474497
1692971400,26118.1,26118.4,26070.0,26070.0,5.49873022,26133.435,30.99020685721771,26195.415413714436,26071.454586285567,26226.405620571655,26040.464379428347,26257.39582742887,26009.474172571132,41.785302039245884,0.0
1692971700,26070.1,26070.1,26058.4,26065.1,6.89041434,26131.055,34.3158007951298,26199.68660159026,26062.42339840974,26234.00240238539,26028.10759761461,26268.31820318052,25993.79179681948,41.012084592144824,4.422442244222501
1692972000,26065.1,26118.5,26039.5,26051.6,18.41560923,26127.625,38.616793115519435,26204.85858623104,26050.39141376896,26243.475379346557,26011.774620653443,26282.09217246208,25973.15782753792,39.022637441609646,7.100938967135235
1692972300,26044.9,26051.7,26006.0,26006.1,5.01482775,26122.275,47.1943225287525,26216.663645057506,26027.886354942497,26263.85796758626,25980.692032413743,26311.05229011501,25933.497709884992,33.54958294717353,0.04904364884676022
1692972600,26006.0,26103.4,26006.0,26100.3,15.22692351,26121.655,47.40769951901025,26216.47039903802,26026.83960096198,26263.87809855703,25979.431901442968,26311.28579807604,25932.02420192396,45.28109895700814,46.248160863167534
1692972900,26093.6,26281.5,26086.3,26110.1,25.35907622,26121.525,47.4371037879636,26216.399207575927,26026.650792424076,26263.83631136389,25979.21368863611,26311.273415151856,25931.776584848147,47.0912738214643,37.785843920144664
1692973200,26100.6,26114.1,26062.3,26062.3,4.64306954,26119.004999999997,49.23520857230585,26217.475417144607,26020.534582855387,26266.710625716914,25971.29937428308,26315.94583428922,25922.064165710774,37.50301859454233,20.435571687840024
1692973500,26062.4,26084.2,26032.4,26047.4,20.17212481,26115.739999999998,51.774982782284255,26219.289965564567,26012.19003443543,26271.06494834685,25960.415051653144,26322.839931129136,25908.64006887086,36.200466200466344,15.027223230490547
1692973800,26047.4,26049.5,26037.7,26047.9,11.71079078,26112.5,53.95680533635981,26220.41361067272,26004.58638932728,26274.37041600908,25950.62958399092,26328.32722134544,25896.67277865456,37.12175363354785,15.208711433757335
1692974100,26047.9,26058.4,26006.5,26006.5,13.88111044,26107.195,58.93284737733755,26225.060694754673,25989.329305245326,26283.99354213201,25930.396457867988,26342.92638950935,25871.46361049065,32.00445434298457,0.18148820326678766
1692974400,26005.9,26005.9,25899.3,25899.4,30.28555363,26095.295000000002,74.48869553937955,26244.27239107876,25946.317608921243,26318.761086618142,25871.82891338186,26393.24978215752,25797.340217842484,20.49354154617309,0.026164311879168654
1692974700,25899.4,25932.0,25871.5,25878.1,20.89516043,26082.534999999996,88.22688619331939,26258.988772386634,25906.08122761336,26347.215658579953,25817.85434142004,26435.442544773272,25729.62745522672,21.500809061488468,1.6097560975606207
1692975000,25878.1,25900.0,25844.0,25844.1,20.41634088,26066.45,100.69216506394001,26267.83433012788,25865.06566987212,26368.52649519182,25764.37350480818,26469.21866025576,25663.681339744242,19.844284086593163,0.02285714285681024
1692975300,25844.1,25848.7,25778.0,25818.1,31.71447332,26049.065,112.01547484728964,26273.09594969458,25825.034050305418,26385.11142454187,25713.01857545813,26497.126899389157,25601.00310061084,20.330739299610897,7.964250248261876
1692975600,25818.1,25880.3,25800.1,25880.3,7.98168733,26035.28,115.08529376990721,26265.450587539814,25805.109412460184,26380.53588130972,25690.02411869028,26495.62117507963,25574.93882492037,31.86771171860066,20.317775571002837
1692975900,25880.2,25945.9,25880.2,25935.0,5.05293823,26023.625,112.70502195414717,26249.035043908294,25798.214956091706,26361.740065862443,25685.509934137557,26474.445087816588,25572.804912183412,38.64548786873816,31.181727904667326
1692976200,25933.3,26021.0,25928.5,25944.1,6.26000477,26010.555,105.42526150386576,26221.405523007732,25799.70447699227,26326.830784511596,25694.279215488405,26432.256046015464,25588.853953984537,40.5452946350044,32.98907646474649
1692976500,25944.1,25944.1,25918.9,25944.1,10.02939957,25999.765,100.25207321652309,26200.269146433046,25799.260853566953,26300.52121964957,25699.00878035043,26400.77329286609,25598.756707133907,44.072657743785854,32.98907646474649
1692976800,25944.1,25954.8,25901.0,25934.3,3.80106701,25988.394999999997,93.59382275500508,26175.582645510007,25801.207354489987,26269.176468265014,25707.61353173498,26362.770291020017,25614.019708979977,31.07615139078881,31.04270109235338
1692977100,25934.3,26000.0,25934.2,25987.0,3.26589324,25981.59,88.06893771060413,26157.72787542121,25805.45212457879,26245.796813131812,25717.38318686819,26333.865750842415,25629.314249157585,37.217030114226525,62.18387384706959
1692977400,25987.0,25987.0,25934.2,25935.2,2.61343821,25974.85,86.08250937939268,26147.015018758782,25802.684981241215,26233.097528138176,25716.60247186182,26319.18003751757,25630.519962482427,36.91040164778594,51.338994121489335
1692977700,25935.2,25990.9,25935.1,25980.4,2.9132471300000002,25970.615,83.45209956048596,26137.519199120972,25803.71080087903,26220.97129868146,25720.258701318544,26304.423398241946,25636.806601758057,43.50523458704928,72.18259629101298
1692978000,25980.4,25980.4,25963.5,25963.6,15.82804844,25966.215,81.24823738979222,26128.711474779586,25803.718525220414,26209.959712169377,25722.470287830623,26291.207949559168,25641.222050440832,42.07855666228134,66.19115549215321
1692978300,25963.6,25963.6,25935.2,25935.3,5.22384853,25962.675,80.96085392596696,26124.59670785193,25800.753292148067,26205.5575617779,25719.7924382221,26286.518415703868,25638.83158429613,43.140655105973,64.73251028806555
1692978600,25935.3,25935.3,25934.2,25934.3,2.26765891,25954.375,74.34812760889285,26103.071255217787,25805.678744782213,26177.41938282668,25731.33061717332,26251.767510435573,25656.982489564427,54.226204892225404,64.32098765432069
1692978900,25934.3,25934.3,25903.5,25921.0,3.14810526,25944.92,64.92948077480087,26074.7789615496,25815.061038450396,26139.7084423244,25750.131557675595,26204.637923099202,25685.202076900794,55.29760434675245,58.8477366255144
1692979200,25921.0,25941.0,25916.3,25919.6,5.40403375,25937.785,58.9137574407766,26055.61251488155,25819.957485118448,26114.52627232233,25761.04372767767,26173.440029763107,25702.129970236892,60.13967230727899,58.271604938271004
1692979500,25919.6,25922.0,25919.6,25922.0,1.36953408,25931.515,53.01104428127011,26037.537088562538,25825.49291143746,26090.54813284381,25772.481867156188,26143.55917712508,25719.47082287492,64.8981932893605,55.18334087822574
1692979800,25922.0,25938.0,25921.9,25937.9,1.11811382,25926.015,45.47037526035175,26016.9557505207,25835.074249479298,26062.426125781054,25789.603874218945,26107.896501041407,25744.133498958592,59.52380952380973,40.980113636364365
1692980100,25937.9,25938.0,25937.9,25938.0,0.65503782,25922.59,41.49491915633727,26005.579838312675,25839.600161687325,26047.07475746901,25798.10524253099,26088.56967662535,25756.61032337465,50.60532687651332,30.833333333333336
1692980400,25938.0,25970.0,25938.0,25970.0,2.77571402,25926.12,42.411177771920244,26010.94235554384,25841.297644456157,26053.35353331576,25798.88646668424,26095.76471108768,25756.47528891232,54.78389360916162,69.6969696969697
1692980700,25970.0,26007.1,25969.9,26002.2,3.2183153,25932.325,44.06195249754651,26020.448904995093,25844.201095004908,26064.51085749264,25800.13914250736,26108.572809990186,25756.077190009815,59.590623968306566,95.38171536286721
1692981000,26002.3,26011.2,26002.2,26011.2,5.7344729,25940.68,42.25807428298679,26025.196148565974,25856.163851434027,26067.45422284896,25813.90577715104,26109.712297131948,25771.647702868053,62.7275736511089,100.0
1692981300,26011.2,26011.2,25966.6,25973.4,7.38064485,25948.445,31.429109453715856,26011.303218907433,25885.586781092567,26042.732328361148,25854.15767163885,26074.161437814862,25822.728562185137,47.63231197771617,64.90250696378921
1692981600,25973.4,25974.0,25921.9,25922.0,8.3346365,25950.530000000002,27.849824718354853,26006.22964943671,25894.830350563294,26034.079474155067,25866.980525844938,26061.929298873423,25839.13070112658,47.6987447698744,17.1773444753945
1692981900,25922.0,25922.0,25919.6,25919.6,2.40023341,25949.760000000002,28.506940983057508,26006.773881966117,25892.746118033887,26035.280822949175,25864.23917705083,26063.787763932232,25835.73223606777,37.540983606557155,14.948932219125751
1692982200,25919.6,25928.6,25914.3,25914.3,83.38343409,25948.269999999997,29.577055474258035,26007.424110948512,25889.11588905148,26037.00116642277,25859.538833577222,26066.57822189703,25829.961778102963,39.39784946236591,10.027855153202598
1692982500,25914.3,25915.6,25910.6,25915.6,77.21225981,25946.845,30.461856649379808,26007.76871329876,25885.921286701243,26038.23056994814,25855.459430051862,26068.69242659752,25824.99757340248,45.20681265206804,11.23491179201343
1692982800,25915.6,25943.6,25915.5,25943.6,5.70445017,25947.31,30.330979472982964,26007.971958945967,25886.648041054035,26038.30293841895,25856.317061581052,26068.633917891933,25825.98608210807,51.99999999999981,37.233054781799694
1692983100,25943.6,25955.1,25927.5,25955.1,2.5713347,25945.715,28.940870299375323,26003.59674059875,25887.83325940125,26032.537610898125,25858.892389101875,26061.4784811975,25829.9515188025,57.39055049848242,44.23459244532707
1692983400,25955.1,25966.2,25941.1,25966.2,3.31118722,25947.265,29.177249157898668,26005.6194983158,25888.9105016842,26034.796747473694,25859.733252526305,26063.973996631594,25830.556003368405,59.69217970049941,55.2683896620288
1692983700,25966.8,25969.5,25937.0,25937.0,2.16166494,25945.094999999998,28.180050334290762,26001.45510066858,25888.734899331415,26029.63515100287,25860.554848997126,26057.815201337162,25832.374798662833,52.80688622754486,26.24254473161122
1692984000,25937.0,25937.0,25915.5,25915.6,4.35124067,25942.695,28.562497955794687,25999.81999591159,25885.57000408841,26028.382493867382,25857.007506132617,26056.944991823177,25828.445008176823,45.91125779244544,4.970178926441244
1692984300,25915.5,25915.6,25902.1,25902.4,17.97011646,25941.05,29.925688665532313,26000.901377331065,25881.198622668933,26030.827065996597,25851.272934003402,26060.752754662128,25821.34724533787,43.77186843946848,0.2749770852455586
1692984600,25902.4,25905.7,25900.1,25900.1,1.6519749799999999,25939.34,31.27824870587232,26001.896497411744,25876.783502588256,26033.174746117616,25845.505253882384,26064.45299482349,25814.22700517651,36.35298711440846,0.0
1692984900,25900.1,25900.2,25865.0,25865.1,13.54741348,25936.545000000002,35.248911517365734,26007.04282303473,25866.047176965272,26042.2917345521,25830.798265447906,26077.540646069465,25795.54935393054,23.522595596755593,0.06839945280338187
1692985200,25865.1,25865.1,25851.7,25855.1,9.51792481,25933.32,39.56697985363628,26012.453959707273,25854.186040292727,26052.02093956091,25814.61906043909,26091.587919414545,25775.052080585454,19.969218930357997,2.131661442004901
1692985500,25855.1,25855.1,25829.7,25840.2,7.38709828,25929.23,44.694284339642614,26018.618568679285,25839.841431320714,26063.312853018928,25795.14714698107,26108.00713735857,25750.45286264143,21.89873417721546,7.276507276507313
1692985800,25840.2,25902.2,25840.2,25899.6,9.10138656,25927.315,45.12172163336804,26017.558443266735,25837.071556733263,26062.680164900103,25791.949835099895,26107.80188653347,25746.828113466527,45.42857142857113,49.9999999999987
1692986100,25899.7,25899.7,25866.6,25871.7,1.25149686,25924.0,46.703149899418925,26017.406299798837,25830.593700201163,26064.109449698255,25783.890550301745,26110.812599597677,25737.187400402323,41.146025878003975,30.04291845493578
1692986400,25871.7,25892.3,25871.3,25883.6,27.65998526,25919.68,46.217684015869786,26012.11536803174,25827.24463196826,26058.33305204761,25781.026947952392,26104.55073606348,25734.80926393652,44.46048357993481,38.55507868383269
1692986700,25883.6,25889.3,25875.9,25875.9,3.18354964,25913.364999999998,42.855304590917136,25999.075609181833,25827.654390818163,26041.93091377275,25784.799086227245,26084.786218363668,25741.943781636328,42.99823633157,33.047210300429875
1692987000,25875.9,25886.2,25871.6,25885.5,1.98848837,25907.079999999998,36.49780959543325,25980.075619190866,25834.08438080913,26016.573428786298,25797.5865712137,26053.07123838173,25761.088761618266,39.04187099207838,39.91416309012844
1692987300,25885.5,25939.8,25885.4,25936.1,1.7609466299999998,25905.215,33.78255973289463,25972.780119465788,25837.649880534213,26006.562679198683,25803.867320801317,26040.34523893158,25770.08476106842,46.87705456936216,76.1087267525024
1692987600,25936.1,25956.6,25936.0,25951.7,3.28587128,25906.699999999997,35.18296537577399,25977.065930751545,25836.33406924845,26012.24889612732,25801.151103872675,26047.431861503093,25765.9681384969,47.65144152899248,87.26752503576584
1692987900,25951.7,25951.7,25939.2,25945.8,2.61847903,25908.010000000002,36.16268649780016,25980.335372995603,25835.6846270044,26016.498059493402,25799.521940506602,26052.6607459912,25763.359254008803,51.54169586545192,91.4893617021281
1692988200,25945.8,25978.7,25945.8,25976.2,5.08680117,25911.105,39.24671592028662,25989.59843184057,25832.611568159427,26028.845147760858,25793.36485223914,26068.091863681148,25754.11813631885,60.292119565218094,98.3221476510067
1692988500,25976.2,25997.3,25971.7,25971.8,14.591853030000001,25913.915,41.530930452036834,25996.976860904073,25830.85313909593,26038.50779135611,25789.32220864389,26080.03872180815,25747.791278191853,62.14985994397743,84.78520286396169
1692988800,25971.8,25983.5,25971.7,25980.4,2.88114045,25915.754999999997,43.67517029161341,26003.105340583224,25828.40465941677,26046.780510874836,25784.72948912516,26090.45568116645,25741.054318833543,63.75471051730121,89.9164677804308
1692989100,25980.4,25988.3,25979.6,25988.3,0.93083375,25917.415,45.82720721420939,26009.06941442842,25825.76058557158,26054.89662164263,25779.93337835737,26100.723828856837,25734.106171143165,73.26283987915492,94.6300715990453
1692989400,25988.3,26015.4,25988.3,26014.5,5.4170449000000005,25919.829999999998,49.646859231782436,26019.123718463565,25820.53628153643,26068.770577695344,25770.88942230465,26118.417436927128,25721.24256307287,78.3629893238444,99.51534733440955
1692989700,26014.8,26048.4,26014.8,26037.6,20.16047519,25924.86,56.14846297752384,26037.15692595505,25812.563074044952,26093.30538893257,25756.41461106743,26149.453851910097,25700.266148089904,84.12863070539458,94.8126801152724
1692990000,26037.6,26044.2,26014.4,26014.4,1.92386909,25929.8,59.53501402316507,26048.87002804633,25810.729971953668,26108.405042069495,25751.194957930504,26167.94005609266,25691.65994390734,72.68774703557435,81.2981298129816
1692990300,26014.4,26045.8,26014.4,26031.8,2.50356806,25936.27,63.31207667288517,26062.89415334577,25809.64584665423,26126.206230018655,25746.333769981346,26189.51830669154,25683.02169330846,83.0103092783512,90.6267645398069
1692990600,26031.8,26031.8,26018.0,26018.2,2.97292023,25942.175,65.23917030517052,26072.65334061034,25811.696659389658,26137.89251091551,25746.45748908449,26203.131681220682,25681.218318779316,77.55937755937875,82.91855203619896
1692990900,26018.2,26027.0,26018.2,26018.9,1.10404779,25949.864999999998,64.73845578863128,26079.34191157726,25820.388088422736,26144.080367365892,25755.649632634104,26208.818823154525,25690.91117684547,80.14333895446917,83.31447963800932
1692991200,26019.0,26019.2,26018.2,26018.2,1.98152444,25958.02,62.4033872225215,26082.826774445042,25833.21322555496,26145.230161667565,25770.809838332436,26207.633548890088,25708.406451109913,79.0626368812968,81.47239263803637
1692991500,26018.3,26018.3,26005.8,26008.9,5.81288803,25966.454999999998,56.788485443347504,26080.031970886692,25852.878029113304,26136.820456330042,25796.089543669954,26193.60894177339,25739.301058226607,69.46524064171201,64.85765124555206
1692991800,26008.8,26013.0,25981.0,25981.6,5.43158631,25970.555,54.62662234133633,26079.808244682674,25861.301755317327,26134.43486702401,25806.67513297599,26189.061489365347,25752.048510634653,57.52390538500194,38.82783882783657
1692992100,25981.6,25981.6,25960.0,25960.1,3.04927036,25974.975,49.54719042437565,26074.06938084875,25875.88061915125,26123.616571273127,25826.33342872687,26173.163761697502,25776.786238302495,53.336444237050706,13.937621832357669
1692992400,25960.1,25960.1,25960.0,25960.1,1.01677266,25978.8,44.85228387075793,26068.504567741515,25889.095432258484,26113.356851612272,25844.243148387726,26158.20913548303,25799.39086451697,45.62262098966765,0.11312217194405336
1692992700,25960.1,25960.1,25960.0,25960.1,1.78603592,25983.010000000002,38.13384875743185,26059.277697514866,25906.742302485138,26097.4115462723,25868.608453727706,26135.54539502973,25830.474604970274,46.740947075208645,0.11312217194405336
1692993000,25960.1,25960.1,25939.3,25940.0,10.51316481,25985.735,32.30020816295899,26050.335416325917,25921.134583674084,26082.635624488878,25888.834375511124,26114.935832651838,25856.534167348163,39.42408376963272,0.6416131989007456
1692993300,25940.0,25958.6,25939.9,25956.4,4.22385567,25986.75,30.949083822881462,26048.648167645762,25924.851832354238,26079.597251468644,25893.902748531356,26110.546335291525,25862.953664708475,42.00501253132872,15.673693858846782
1692993600,25956.4,25958.6,25942.4,25958.5,6.04895663,25987.090000000004,30.578903976812427,26048.24780795363,25925.932192046377,26078.82671193044,25895.353288069567,26109.405615907253,25864.774384092754,34.03648802736549,17.598533455545688
1692993900,25958.6,25987.0,25958.5,25985.8,4.31516664,25989.09,29.003736601413355,26047.097473202826,25931.082526797174,26076.10120980424,25902.07879019576,26105.104946405652,25873.075053594348,35.57906458797308,43.66197183098591
1692994200,25985.7,25999.0,25975.6,25999.0,3.2716019,25990.230000000003,28.918380605493212,26048.06676121099,25932.393238789016,26076.985141816484,25903.474858183523,26105.903522421977,25874.55647757803,45.4599056603769,56.05633802816969
1692994500,25999.0,25999.0,25998.9,25999.0,4.9047931700000005,25991.59,28.64431421493913,26048.878628429877,25934.301371570124,26077.522942644817,25905.657057355183,26106.167256859757,25877.012743140243,39.224704336399775,64.54054054054133
1692994800,25999.0,26004.3,25999.0,26002.9,2.52160561,25992.715,28.62353236875593,26049.962064737512,25935.467935262488,26078.585597106267,25906.844402893734,26107.209129475024,25878.220870524976,44.63157894736881,72.51995438996768
1692995100,26002.9,26002.9,25996.9,25996.9,2.02832719,25993.145,28.618313514655494,26050.38162702931,25935.90837297069,26078.999940543967,25907.290059456034,26107.618254058623,25878.671745941378,42.55751014884994,72.09011264080242
1692995400,25997.0,25997.0,25995.0,25995.0,2.38686419,25992.170000000002,28.181313330905866,26048.532626661814,25935.80737333819,26076.71393999272,25907.626060007286,26104.895253323626,25879.444746676378,42.21476510067109,70.50632911392498
1692995700,25995.1,26011.3,25995.0,26011.2,4.73416029,25990.85,26.510127161281776,26043.870254322563,25937.829745677434,26070.380381483843,25911.319618516154,26096.890508645127,25884.80949135487,50.737652341244136,97.55766621438364
1692996000,26011.2,26011.2,26011.1,26011.1,0.95639488,25990.685,26.36571288229343,26043.41642576459,25937.953574235413,26069.782138646882,25911.58786135312,26096.147851529175,25885.222148470828,61.46076146076107,99.72222222222122
1692996300,26011.2,26014.5,26011.1,26014.0,1.18850705,25989.795,25.178488625724654,26040.151977251448,25939.43802274855,26065.330465877174,25914.259534122823,26090.508954502897,25889.0810454971,74.47774750227003,99.33510638297874
1692996600,26013.9,26030.1,26009.3,26030.1,1.81698014,25990.390000000003,26.0118778536987,26042.4137557074,25938.366244292607,26068.4256335611,25912.354366438907,26094.4375114148,25886.342488585207,77.73375594294674,100.0
1692996900,26030.1,26066.3,26030.1,26055.1,5.67027321,25992.2,29.168097208061255,26050.536194416123,25933.86380558388,26079.704291624184,25904.695708375817,26108.872388832246,25875.527611167756,81.41534391534302,91.18110236220414
1692997200,26050.3,26050.3,26030.0,26030.0,0.75510869,25992.79,29.833448201323005,26052.456896402648,25933.123103597354,26082.29034460397,25903.28965539603,26112.123792805294,25873.456207194708,78.80921895006321,71.28164556962034
1692997500,26030.1,26041.0,26030.0,26030.1,2.53567045,25993.85,30.797035058965196,26055.44407011793,25932.255929882067,26086.241105176894,25901.458894823103,26117.038140235858,25870.66185976414,76.34024303073492,70.78288942695612
1692997800,26030.0,26038.5,26030.0,26038.5,2.7861005000000003,25996.695,32.20196912910099,26061.0989382582,25932.2910617418,26093.300907387304,25900.089092612696,26125.502876516402,25867.887123483597,77.35978112175022,74.21150278293186
1692998100,26038.5,26038.5,26031.3,26032.5,1.05144653,26000.315,31.939981132414154,26064.194962264828,25936.43503773517,26096.134943397243,25904.495056602755,26128.074924529654,25872.555075470344,68.69495596477135,62.7342888643892
1692998400,26032.5,26050.0,26032.5,26038.7,4.65717855,26004.245,31.564761748074343,26067.374523496146,25941.115476503852,26098.93928524422,25909.550714755776,26130.504046992297,25877.9859530077,66.83630195080535,61.29032258064681
1692998700,26037.5,26037.7,26030.0,26030.0,2.70360638,26007.739999999998,30.262525027743973,26068.265050055485,25947.21494994451,26098.52757508323,25916.952424916766,26128.790100110975,25886.68989988902,62.24328593996784,49.088359046283806
1692999000,26030.1,26030.1,26030.0,26030.1,1.83240801,26012.245000000003,26.062626498536975,26064.370252997076,25960.11974700293,26090.432879495613,25934.057120504393,26116.49550599415,25907.994494005856,61.074918566773796,49.22861150069973
1692999300,26030.1,26050.0,26030.0,26046.5,2.45582821,26016.75,23.569371293273825,26063.888742586547,25969.611257413453,26087.45811387982,25946.04188612018,26111.027485173094,25922.472514826906,68.61861861861746,72.23001402524618
1692999600,26046.4,26046.7,26032.5,26032.5,5.45533101,26020.45,19.37984574383902,26059.20969148768,25981.690308512323,26078.589537231517,25962.310462768484,26097.969382975356,25942.930617024645,62.90433585684764,52.59467040673266
1692999900,26032.6,26032.6,26032.5,26032.6,0.92407632,26022.79,17.731147141393922,26058.25229428279,25987.327705717213,26075.98344142418,25969.59655857582,26093.714588565577,25951.865411434424,58.28173374612914,40.877192982454865
1693000200,26032.5,26040.0,26032.5,26040.0,2.57033859,26024.84,17.19799253898097,26059.23598507796,25990.44401492204,26076.433977616944,25973.246022383057,26093.631970155922,25956.048029844078,60.586080586081124,53.85964912280829
1693000500,26040.0,26050.0,26039.9,26050.0,7.25928087,26027.39,16.944053451606017,26061.27810690321,25993.50189309679,26078.222160354817,25976.557839645182,26095.166213806424,25959.613786193575,62.534818941504305,71.4035087719311
1693000800,26050.0,26050.0,26049.9,26050.0,0.66728646,26029.745000000003,16.63137412439711,26063.007748248798,25996.482251751208,26079.639122373195,25979.85087762681,26096.270496497593,25963.219503502412,57.80392156862802,55.09641873278347
1693001100,26049.9,26055.1,26049.9,26055.1,1.98965258,26032.655,15.644352436597062,26063.943704873192,26001.366295126805,26079.58805730979,25985.72194269021,26095.232409746386,25970.07759025361,50.0,100.0
1693001400,26055.1,26055.1,26055.0,26055.1,0.76594012,26035.66,13.679504454031925,26063.019008908064,26008.300991091935,26076.698513362095,25994.621486637905,26090.37801781613,25980.94198218387,65.21212121212034,100.0
1693001700,26055.1,26055.1,26041.8,26041.9,0.74573133,26037.195,12.458287244050538,26062.1115744881,26012.2784255119,26074.56986173215,25999.82013826785,26087.028148976202,25987.361851023797,56.171548117156426,47.4103585657456
1693002000,26041.9,26041.9,26041.8,26041.9,0.29499009,26038.735,10.864537919911198,26060.464075839824,26017.005924160178,26071.328613759735,26006.141386240266,26082.193151679647,25995.276848320354,51.94954128440457,47.4103585657456
1693002300,26041.9,26041.9,26040.1,26040.1,0.63785618,26040.04,9.172923542604662,26058.38584708521,26021.69415291479,26067.558770627817,26012.521229372185,26076.73169417042,26003.348305829582,54.57831325301117,40.23904382469773
1693002600,26040.2,26040.2,26040.1,26040.1,2.55944375,26040.54,8.870139143426105,26058.280278286853,26022.79972171315,26067.15041743028,26013.929582569723,26076.020556573705,26005.059443426297,50.91145833333191,40.23904382469773
1693002900,26040.2,26046.5,26040.1,26046.4,0.8132026299999999,26040.105,8.314443678737344,26056.733887357474,26023.476112642526,26065.04833103621,26015.16166896379,26073.362774714948,26006.84722528505,61.02150537634485,65.33864541833628
1693003200,26046.4,26052.4,26046.4,26050.0,4.61441892,26041.105,8.237492912068967,26057.579985824137,26024.630014175862,26065.817478736208,26016.39252126379,26074.054971648275,26008.155028351724,62.772785622593766,79.68127490040303
1693003500,26050.0,26050.0,26049.9,26049.9,1.87876609,26042.095,8.032530898433837,26058.16006179687,26026.029938203133,26066.192592695304,26017.997407304698,26074.225123593736,26009.964876406266,52.7597402597415,76.99115044248927
1693003800,26050.0,26050.0,26049.9,26050.0,1.43709097,26042.670000000002,8.172038333796563,26059.014076667594,26026.32592333241,26067.18611500139,26018.153884998614,26075.35815333519,26009.981846664814,68.34381551362796,77.43362831858906
1693004100,26050.0,26050.0,26049.9,26050.0,3.59623262,26043.545000000002,7.9599309043949615,26059.464861808792,26027.62513819121,26067.424792713187,26019.665207286816,26075.384723617582,26011.70527638242,68.27731092437183,77.43362831858906
1693004400,26049.9,26050.0,26046.4,26046.4,2.2756193,26043.93,7.899240469991353,26059.728480939983,26028.131519060018,26067.627721409975,26020.232278590025,26075.526961879965,26012.333038120036,57.30593607306175,42.76315789474503
1693004700,26046.4,26046.5,26043.6,26043.6,1.5494797799999998,26044.61,7.190556672881201,26058.991113345764,26030.228886654237,26066.181670018643,26023.03832998136,26073.372226691525,26015.847773308476,41.256830601090556,23.333333333333332
1693005000,26043.7,26043.7,26043.6,26043.7,0.51862047,26045.29,6.338761293786562,26057.967522587573,26032.61247741243,26064.30628388136,26026.27371611864,26070.645045175148,26019.934954824854,41.41689373297119,24.000000000014552
1693005300,26043.7,26043.7,26043.6,26043.6,0.4216239,26045.145,6.342793258380119,26057.83058651676,26032.45941348324,26064.17337977514,26026.11662022486,26070.51617303352,26019.77382696648,31.861198738172845,23.333333333333332
1693005600,26043.6,26043.7,26043.6,26043.7,0.94610539,26045.705,5.620964049420371,26056.94692809884,26034.463071901162,26062.56789214826,26028.842107851742,26068.188856197685,26023.22114380232,32.07547169812034,24.000000000014552
1693005900,26043.7,26043.7,26043.6,26043.6,1.20237127,26046.254999999997,4.740361412231053,26055.73572282446,26036.774277175537,26060.476084236692,26032.033915763303,26065.216445648923,26027.293554351072,54.54545454544393,28.455284552838794
1693006200,26043.6,26043.7,26043.6,26043.6,1.12462656,26046.435,4.555075249554005,26055.54515049911,26037.324849500892,26060.10022574866,26032.76977425134,26064.655300998216,26028.214699001786,54.54545454544393,28.455284552838794
1693006500,26043.7,26043.7,26043.6,26043.6,1.8446636,26046.114999999998,4.516085286901089,26055.1471705738,26037.082829426196,26059.6632558607,26032.566744139294,26064.179341147603,26028.050658852393,60.35502958579346,28.455284552838794
1693006800,26043.6,26043.7,26043.6,26043.6,0.12514964,26045.795,4.452613071069788,26054.700226142137,26036.88977385786,26059.152839213206,26032.43716078679,26063.60545228428,26027.984547715718,60.35502958579346,28.455284552838794
1693007100,26043.7,26043.7,26043.6,26043.6,1.44304742,26045.22,3.8954224151211196,26053.01084483024,26037.42915516976,26056.906267245366,26033.533732754637,26060.801689660486,26029.638310339516,36.79245283018221,0.0
1693007400,26043.7,26044.2,26043.6,26043.7,6.41765443,26044.65,3.133100029079489,26050.91620005816,26038.383799941843,26054.04930008724,26035.25069991276,26057.18240011632,26032.117599883684,5.633802816965641,1.5625000000337508
1693007700,26043.7,26049.9,26043.7,26049.8,0.75923167,26045.045000000002,3.2634297429183516,26051.571859485837,26038.518140514167,26054.83528922876,26035.254710771245,26058.098718971676,26031.991281028328,49.618320610678964,96.87499999998934
1693008000,26049.9,26049.9,26046.8,26046.9,0.57160241,26045.295,3.200735935543102,26051.696471871084,26038.893528128912,26054.89720780663,26035.692792193367,26058.09794374217,26032.492056257826,40.251572327053964,51.56250000003375
1693008300,26046.9,26046.9,26043.6,26043.6,0.9856479499999999,26045.47,2.9905289098519208,26051.451057819704,26039.4889421803,26054.441586729557,26036.498413270445,26057.432115639407,26033.507884360595,33.33333333333965,0.0
1693008600,26043.6,26043.7,26043.6,26043.7,0.37692909,26045.65,2.7488753686265803,26051.147750737255,26040.15224926275,26053.89662610588,26037.40337389412,26056.645501474508,26034.654498525495,41.40127388535637,1.5873015873355014
1693008900,26043.7,26049.0,26043.6,26046.7,1.23961836,26045.665,2.753997095635454,26051.17299419127,26040.15700580873,26053.926991286906,26037.403008713096,26056.680988382544,26034.649011617457,59.74842767295525,49.206349206361125
1693009200,26046.6,26046.6,26046.6,26046.6,0.00372413,26045.495000000003,2.571191614515381,26050.637383229034,26040.35261677097,26053.20857484355,26037.781425156456,26055.779766458065,26035.21023354194,59.119496855331946,47.61904761902562
